<?xml version="1.0" encoding="UTF-8" ?>
<!--
* Copyright IBM Corporation 2009-2017
*
* Licensed under the Eclipse Public License - v 1.0 (the "License");
* you may not use this file except in compliance with the License.
* You may obtain a copy of the License at
*
* https://www.eclipse.org/legal/epl-v10.html
*
* Unless required by applicable law or agreed to in writing, software
* distributed under the License is distributed on an "AS IS" BASIS,
* WITHOUT WARRANTIES OR CONDITIONS OF ANY KIND, either express or implied.
* See the License for the specific language governing permissions and
* limitations under the License.
* 
* @Author Doug Wood
 -->
<product>
	<name>IBM Maximo BIM Extensions Autodesk Forge viewer plug-in</name>
	<version>
		<major>7</major>
		<minor>6</minor>
		<modlevel>1</modlevel>
		<patch>2</patch>
		<build>20200706-0000</build>
	</version>
	<dbmaxvarname>BIMLMV</dbmaxvarname>
	<dbscripts>bimlmv</dbscripts>
	<dbversion>V7613-05</dbversion>
	<lastdbversion>V7606-00*V7606-09*V7607-04*V7608-02*V7609-01*V7612-01</lastdbversion>
</product>
